file,z,energy,amp,x0_px,y0_px,sigma_x_px,sigma_y_px,theta_deg,offset,r2,rss,success,x0_mm,y0_mm,sigma_x_mm,sigma_y_mm
../temp/xrv_tr1/2025_0318_0050/00000001.tif,-100.0,244,45641.44857969699,803.3445837925896,598.5839101001893,11.836211984859386,12.75751939553433,0.0,-66.73035262852638,0.9973474894570069,2139411005.8726723,True,-69.94131410319414,0.6546369854091713,3.2675055170216947,3.518054048350751
../temp/xrv_tr1/2025_0318_0050/00000002.tif,-100.0,240,43274.541607074396,803.2539144066948,598.1893990980003,12.229040731876566,13.090789538752096,0.0,-79.57911614847774,0.9968238540215889,2409295205.3597655,True,-69.966344300272,0.5458453790365584,3.375949848685006,3.609957681039102
../temp/xrv_tr1/2025_0318_0050/00000003.tif,-100.0,230,41269.80175921324,803.2911553216999,597.9526239423254,12.899416259211376,13.751094104128176,0.0,-99.92187860273529,0.9963281222223777,2734074337.013197,True,-69.95606357064382,0.48055151044463906,3.5610137641374164,3.7920453641806184
../temp/xrv_tr1/2025_0318_0050/00000004.tif,-100.0,220,17808.402439397494,803.369842048296,598.0969927621384,13.25334802378733,13.912850050960717,0.0,-23.601959720427374,0.9963674765061087,517766854.7470599,True,-69.93434130733878,0.5203631145074412,3.6587201920791,3.83665169758727
../temp/xrv_tr1/2025_0318_0050/00000005.tif,-100.0,210,18075.578813878077,803.5073635389265,598.2649080654747,13.548331965714606,14.016763860380435,0.0,-27.743619257022473,0.9966391576693436,503705691.3006898,True,-69.89637711491652,0.5666679716169941,3.7401534799344653,3.865307299556141
../temp/xrv_tr1/2025_0318_0050/00000006.tif,-100.0,200,41765.9197853952,803.4160124458549,597.9318823800603,13.93021575943181,14.210833534960916,0.0,-106.21030269058957,0.9971207236616763,2369709451.4644,True,-69.92159550412576,0.4748317513885406,3.8455763470162907,3.918824569109262
../temp/xrv_tr1/2025_0318_0050/00000007.tif,-100.0,190,42489.638057807264,803.2484572036375,598.5439213902495,14.199017171136843,14.347905477680921,0.0,-94.95995390233972,0.9972991669858535,2345156574.3135023,True,-69.96785081613366,0.6436095718085733,3.9197816837281483,3.956623963180355
../temp/xrv_tr1/2025_0318_0050/00000008.tif,-100.0,180,20098.83567556948,803.3295083106316,598.1639853699679,14.409564918054842,14.477758502979176,0.0,-23.260865028596953,0.9974293110746839,507325961.2096099,True,-69.94547584180887,0.5388372087162897,3.9779055096220306,3.9924326456661543
../temp/xrv_tr1/2025_0318_0050/00000009.tif,-100.0,170,43189.967231471695,803.4553683437233,598.4526588549459,14.836014351070606,14.987739431707295,0.0,-88.98318609954228,0.9976209848950813,2258656533.036214,True,-69.91073091217888,0.6184427253525163,4.095631170238131,4.133066605550367
../temp/xrv_tr1/2025_0318_0050/00000010.tif,-100.0,160,43390.19350566215,803.3878454401477,598.0297597601093,15.084799984482974,15.48640337430663,0.0,-68.8042267767891,0.997998998707077,1976178375.6360204,True,-69.92937128971191,0.5018227284309803,4.164310949779973,4.270579757412963
../temp/xrv_tr1/2025_0318_0050/00000011.tif,-100.0,150,43242.52942709532,803.5119194759221,597.9611923978189,15.356183455635623,16.05458408564737,0.0,-49.34026888321668,0.9982536794318209,1768199253.7147927,True,-69.89511940262751,0.4829143749328077,4.239229090005417,4.427263074110628
../temp/xrv_tr1/2025_0318_0050/00000012.tif,-100.0,140,21351.437004107756,803.5091320459334,597.7491757353687,15.669679791797645,16.47534281751149,0.0,-0.5873383247207826,0.9985594891258328,364911919.1026009,True,-69.89588890074721,0.4244479870304841,4.325772910721523,4.543292837744116
../temp/xrv_tr1/2025_0318_0050/00000013.tif,-100.0,130,40019.04915828558,803.5226711547824,597.8617122694615,16.2582161714636,17.232808391485054,0.0,4.665857257522731,0.9987136872144615,1195471068.5875313,True,-69.89215129340151,0.45548141892877786,4.488244305284784,4.75217394906242
../temp/xrv_tr1/2025_0318_0050/00000014.tif,-100.0,120,21461.86017602294,803.3527804457443,597.9991457191857,16.811888142931863,17.88537719477119,0.0,30.83602337096557,0.9989546241698951,289118682.7679584,True,-69.93905133454498,0.4933805033189825,4.6410910288570735,4.9321283938921745
../temp/xrv_tr1/2025_0318_0050/00000015.tif,-100.0,115,21531.529999669492,803.3609152684793,596.9166869740658,17.161148953830494,18.221678630385366,0.0,41.206284328184,0.9990123227525889,279813304.7881148,True,-69.93680563480586,0.1948782434067084,4.737507992996493,5.024867945394856
../temp/xrv_tr1/2025_0318_0050/00000016.tif,-100.0,110,21189.98045058983,803.3187338732873,597.2826733186854,17.671695984588677,18.699999129708985,0.0,49.14959858219289,0.9989984015885214,281245225.75304145,True,-69.94845023374357,0.2958037996540167,4.8784496423886585,5.1567711247577375
../temp/xrv_tr1/2025_0318_0050/00000017.tif,-100.0,105,21102.314943674693,803.2637114441735,597.5538495636486,18.036965053739003,19.098300636929828,0.0,67.30529885091755,0.9990481866046665,269316201.20742095,True,-69.96363972941325,0.3705842218372773,4.979285847432366,5.266608012831213
../temp/xrv_tr1/2025_0318_0050/00000018.tif,-100.0,100,20921.38530874356,803.3442636464976,597.2689093376556,18.59636304815968,19.651007066134497,0.0,70.79139449597541,0.9990584726559303,267263410.36621863,True,-69.94140248274694,0.292008200550303,5.133713297305566,5.4190240923626
../temp/xrv_tr1/2025_0318_0050/00000019.tif,-100.0,95,20709.67324565064,803.2742362234244,598.103624881064,19.114924968459043,20.19227685872702,0.0,94.15169729507855,0.9990788302675521,260491614.50687882,True,-69.96073425810944,0.5221920086765967,5.276867537670893,5.568286368675239
../temp/xrv_tr1/2025_0318_0050/00000020.tif,-100.0,90,13590.85661993311,803.317043160869,597.9370560984661,19.694348898819232,20.79196168174963,0.0,74.39758179934714,0.9990505092478538,117412736.43986908,True,-69.94891697193326,0.4762584724005324,5.436823348834815,5.733657359222797
../temp/xrv_tr1/2025_0318_0050/00000021.tif,-100.0,85,13335.458672085984,803.3816540573272,597.920811504821,20.35470950572086,21.510281083335084,0.0,81.84945472374963,0.9991257288203499,105520887.92506975,True,-69.93108048329088,0.4717788116871139,5.6191225446446715,5.931743397770478
../temp/xrv_tr1/2025_0318_0050/00000022.tif,-100.0,80,9378.540643187791,803.2967801167704,597.9503591950088,21.067573881498877,22.216260081492358,0.0,71.44741234952068,0.9991134897325242,53441370.28613432,True,-69.95451078931914,0.47992697653496685,5.815915934601059,6.126426407493136
../temp/xrv_tr1/2025_0318_0050/00000023.tif,-100.0,75,7656.0825677154035,803.4479280458995,597.973219066484,21.90694701007752,22.982270288889328,0.0,69.32064672859772,0.9991249217642383,35368364.51605837,True,-69.91278488132193,0.48623088726360153,6.0476333397961355,6.337663814049948
../temp/xrv_tr1/2025_0318_0050/00000024.tif,-100.0,70,6242.644166763398,803.3307309224933,598.8808538553609,22.906862316497072,23.861207659866615,0.0,66.2637869334196,0.9991371534320028,23205059.959303886,True,-69.94513832749192,0.7365231380086756,6.3236700299517095,6.580042373732624
../temp/xrv_tr1/2025_0318_0051/00000001.tif,-50.0,244,47404.63331675154,802.7200552020104,598.3278034168816,11.724915588541451,12.419271784744481,0.0,-73.0604880738588,0.9970014835343939,2537245335.3801045,True,-70.11372151004574,0.5840121933876246,3.2367810259886958,3.4247778134033258
../temp/xrv_tr1/2025_0318_0051/00000002.tif,-50.0,240,35078.15668411541,802.6710583102572,597.9850997783826,12.088884211050711,12.742353247670122,0.0,-56.31777868792393,0.9964433951469246,1722175043.744501,True,-70.1272475954458,0.48950715009309276,3.3372582296407662,3.5138717832694817
../temp/xrv_tr1/2025_0318_0051/00000003.tif,-50.0,230,42711.71227704808,802.7282339253918,597.5610261692349,12.811204357786114,13.472753173394596,0.0,-113.08142519749245,0.9959076096265749,3201038032.398312,True,-70.11146369109106,0.3725632653765111,3.536661980395902,3.715289185504397
../temp/xrv_tr1/2025_0318_0051/00000004.tif,-50.0,220,41643.79578126242,802.7741054058331,598.1579461871485,13.280929227670837,13.725431095566556,0.0,-123.70553277800317,0.9958923213637165,3177129159.186928,True,-70.09880040695863,0.537171824490095,3.6663342611723824,3.7849684514702466
../temp/xrv_tr1/2025_0318_0051/00000005.tif,-50.0,210,42633.4655934361,802.9675329835461,597.9491668362583,13.566423199270767,13.771119469401738,0.0,-126.01845307328344,0.9961549970836201,3170872269.099789,True,-70.04540277618538,0.47959816790069154,3.7451477471485113,3.797567622480693
../temp/xrv_tr1/2025_0318_0051/00000006.tif,-50.0,200,43821.65219987784,802.7946369090658,597.7694364873281,13.81160469360533,13.758481775785244,0.0,-115.4670198930329,0.9966995056254991,2908483261.6944437,True,-70.09313247872521,0.4300351563103083,3.812832567801825,3.794082611969568
../temp/xrv_tr1/2025_0318_0051/00000007.tif,-50.0,190,44043.465328874016,802.663662162591,598.3870286115081,14.054620586575366,14.036787995704701,0.0,-112.18120801630494,0.9969060292831131,2825678025.7478704,True,-70.12928937649323,0.60034432107328,3.879919552389401,3.870829218681494
../temp/xrv_tr1/2025_0318_0051/00000008.tif,-50.0,180,45077.2289394018,802.7870266439751,598.005155840147,14.384429307282575,14.295784312421718,0.0,-114.65106709175791,0.9969881472736778,2962751868.199426,True,-70.095233369044,0.4950378733549358,3.97096657113587,3.9422508651853727
../temp/xrv_tr1/2025_0318_0051/00000009.tif,-50.0,170,44900.50253121976,802.8955535694753,598.3002680419706,14.670849433315887,14.644257917738736,0.0,-111.32440259219098,0.9972326012628718,2779024355.174265,True,-70.06527341832066,0.5764189509887773,4.050035731370331,4.038347052846906
../temp/xrv_tr1/2025_0318_0051/00000010.tif,-50.0,160,45289.40409126219,802.8531479320734,597.8916958119355,14.865667071271142,15.13397130114615,0.0,-96.27738783500277,0.9975826431554535,2542314793.2892694,True,-70.0769799215787,0.4637497757867439,4.10381710227229,4.173391970092422
../temp/xrv_tr1/2025_0318_0051/00000011.tif,-50.0,150,45195.77925079303,802.9787911928382,597.9254986363973,15.118996016469762,15.690883719994961,0.0,-84.90967269829767,0.9979410217996445,2226918731.307891,True,-70.04229483413258,0.47307134997028055,4.173751108786926,4.326967906680352
../temp/xrv_tr1/2025_0318_0051/00000012.tif,-50.0,140,45682.35841346052,803.0251328510014,597.6035152625452,15.493555545954075,16.19980984573926,0.0,-62.93065204489493,0.9982331334988642,2017287126.223872,True,-70.029501752705,0.3842801926330362,4.277152038967004,4.467310990745184
../temp/xrv_tr1/2025_0318_0051/00000013.tif,-50.0,130,46098.76981138315,802.9995944434047,597.7104349953806,15.953698904774138,16.816406314885064,0.0,-32.691190807071024,0.9985277530424828,1775333231.6653638,True,-70.03655188731099,0.4137647175855835,4.404179247121836,4.637345590515143
../temp/xrv_tr1/2025_0318_0051/00000014.tif,-50.0,120,22689.486838419944,802.8006165593755,597.8451113649278,16.434843201145927,17.38963853058236,0.0,19.475744213442105,0.9987629893831377,373232032.11658233,True,-70.09148173603813,0.4509035007935781,4.537003975581363,4.795421926090604
../temp/xrv_tr1/2025_0318_0051/00000015.tif,-50.0,115,22858.130425744494,802.8263428799268,596.7746927283811,16.74042216366105,17.70424555073857,0.0,24.58455818127333,0.998895720815734,344112016.6641581,True,-70.08437972616865,0.15572145944379473,4.621362125568974,4.882178956715817
../temp/xrv_tr1/2025_0318_0051/00000016.tif,-50.0,110,22727.641289341784,802.8251307602026,597.1956019886503,17.136572681057267,18.090877596530667,0.0,39.0089840685491,0.9989370020734888,334273894.2011849,True,-70.08471434402537,0.27179273326814485,4.730723465397876,4.988797837059997
../temp/xrv_tr1/2025_0318_0051/00000017.tif,-50.0,105,20719.061360787764,802.7365159206536,597.3915230448043,17.60868753004224,18.55562992405624,0.0,49.01873032252052,0.9989154078140685,289851086.49081653,True,-70.10917736289379,0.325820545681354,4.861055523973675,5.116959414294526
../temp/xrv_tr1/2025_0318_0051/00000018.tif,-50.0,100,20168.730644741016,802.8203405568587,597.0411732755045,18.062168022493378,19.022463683767725,0.0,57.13688549925021,0.9989615144649516,268155317.99696726,True,-70.086036727899,0.2292069810838903,4.986243380767828,5.245694973876327
../temp/xrv_tr1/2025_0318_0051/00000019.tif,-50.0,95,22019.353359688146,802.7780281873044,597.8655307827385,18.563801317612494,19.571968975892695,0.0,80.10743056362416,0.9989736737854824,322118707.6449493,True,-70.09771748362844,0.45653442427224,5.124724303669527,5.397228297684332
../temp/xrv_tr1/2025_0318_0051/00000020.tif,-50.0,90,14597.488763232823,802.7752612254064,597.6313272462116,19.07487144575372,20.12603602558076,0.0,65.8107791007635,0.9989984445244927,140510481.01403606,True,-70.09848133132553,0.39194971354041414,5.265810359362224,5.550019586239627
../temp/xrv_tr1/2025_0318_0051/00000021.tif,-50.0,85,12979.209661308192,802.8633785842486,597.5640292320157,19.684331800391636,20.739055177844012,0.0,68.31656303156156,0.999022572872232,110154938.57753325,True,-70.07415564701618,0.3733913995024419,5.43405802793497,5.7190676937495555
../temp/xrv_tr1/2025_0318_0051/00000022.tif,-50.0,80,10484.572633508698,802.7683000393869,597.7074519461146,20.35503509898203,21.411685398540694,0.0,67.46998317501591,0.9990145955837736,73457816.21830434,True,-70.10040303683006,0.4129421024500322,5.619212427943361,5.9045543387311294
../temp/xrv_tr1/2025_0318_0051/00000023.tif,-50.0,75,8104.599428042318,802.9253259176979,597.7302120053082,21.105581533813186,22.123504272935428,0.0,62.92362332525701,0.9990704930444596,41827823.9451895,True,-70.05705446176627,0.4192184886270212,5.826408329785001,6.100847771264216
../temp/xrv_tr1/2025_0318_0051/00000024.tif,-50.0,70,6706.420074720251,802.8230152722246,598.6377195604316,22.059408455882355,22.927857137744184,0.0,63.52392553221907,0.9991314148539906,26935756.501026466,True,-70.08529834578609,0.6694756529883268,6.089721857299679,6.322658670750954
../temp/xrv_tr1/2025_0318_0052/00000001.tif,0.0,244,49101.940218093005,802.0023269253303,598.7334815433985,11.626923547696045,12.126552726331974,0.0,-80.16128375417304,0.996750066713789,2877331864.796523,True,-70.31185762882889,0.6958832814158991,3.20972933626768,3.344056676593766
../temp/xrv_tr1/2025_0318_0052/00000002.tif,0.0,240,43405.05038426739,801.821556193202,598.6831933095979,12.025155168416097,12.490273628126713,0.0,-78.02341855970582,0.9962446495676578,2731101159.0190682,True,-70.36176120991554,0.6820156384187276,3.3196651856272354,3.4443575071358445
../temp/xrv_tr1/2025_0318_0052/00000003.tif,0.0,230,43927.74581995305,801.9100815472501,598.2871981381827,12.718086896608066,13.204828949772134,0.0,-116.1290230179986,0.9957881988073206,3415600203.466326,True,-70.33732289442081,0.5728147528286867,3.5109559674823503,3.6414055510498673
../temp/xrv_tr1/2025_0318_0052/00000004.tif,0.0,220,42885.34251460039,801.9566233997493,598.2236796780041,13.209517251037392,13.431914021544685,0.0,-132.06761656970744,0.9954743058323169,3642590851.8659773,True,-70.3244745473307,0.5552987006050546,3.6466202658561704,3.70402725134288
../temp/xrv_tr1/2025_0318_0052/00000005.tif,0.0,210,43978.543375537745,802.1716601083893,597.9826826694984,13.497254586397576,13.480987451975974,0.0,-139.92563896708853,0.9956766846122003,3725348584.8050404,True,-70.2651114983466,0.48884060047387373,3.726053054990497,3.7175598963064207
../temp/xrv_tr1/2025_0318_0052/00000006.tif,0.0,200,45196.723036730225,802.0881859249669,597.5090606900033,13.73145632791695,13.44535610372398,0.0,-131.7542477512,0.9961871705304904,3504279853.5173078,True,-70.28815538732144,0.35823309985473245,3.7907068043056955,3.7077340825976837
../temp/xrv_tr1/2025_0318_0052/00000007.tif,0.0,190,45551.26190805965,801.9167756368694,598.0940426785282,13.947156008465674,13.714573819879694,0.0,-130.32032734272713,0.9963782997759681,3465364921.495888,True,-70.33547492356743,0.5195495900858185,3.85025287336177,3.7819744146594862
../temp/xrv_tr1/2025_0318_0052/00000008.tif,0.0,180,46269.55060129348,801.9949273959097,597.803310300973,14.264435764062643,13.934238748750676,0.0,-131.05457893735147,0.9964386567702629,3609660427.591384,True,-70.31390034344366,0.43937630669633415,3.9378411451144664,3.8425499127900826
../temp/xrv_tr1/2025_0318_0052/00000009.tif,0.0,170,41898.03488337927,802.1200689553806,598.0352657172954,14.486546151031234,14.252419155744054,0.0,-109.39506072470834,0.9967033065456945,2809977530.4288864,True,-70.27935375569221,0.5033410686637447,3.999156954237863,3.9302923519135353
../temp/xrv_tr1/2025_0318_0052/00000010.tif,0.0,160,22706.135880462738,802.0641819138694,597.6257801444199,14.604046119449583,14.608181653981285,0.0,-33.40303423307425,0.997156214920637,727037152.3930051,True,-70.29478193632139,0.39042002714056784,4.031594003823317,4.028398547825962
../temp/xrv_tr1/2025_0318_0052/00000011.tif,0.0,150,44645.74088237992,802.214143667009,597.6108009077278,14.887109367308163,15.273215005614148,0.0,-102.22787532707753,0.997580777117733,2488874116.53598,True,-70.25338348415168,0.3862893052774963,4.109736464031626,4.2117902560775855
../temp/xrv_tr1/2025_0318_0052/00000012.tif,0.0,140,47988.67390248525,802.1993487984181,597.2928865439657,15.230220709342044,15.755284247775622,0.0,-91.07048414392452,0.9979243215352007,2548360329.6878896,True,-70.25746775662046,0.29862023108006186,4.204455805361651,4.3447272006661395
../temp/xrv_tr1/2025_0318_0052/00000013.tif,0.0,130,24071.43863553976,802.2147235956306,597.342061995581,15.516863641850213,16.208220626984904,0.0,-14.218415320394143,0.9983288097804474,530340090.98140085,True,-70.25322338901542,0.31218100972920376,4.283586473567307,4.469630374482228
../temp/xrv_tr1/2025_0318_0052/00000014.tif,0.0,120,24067.015224821087,802.0513823405119,597.5040129329664,16.073837418851184,16.863680852542277,0.0,3.8084326907783463,0.9985764878180106,470406285.26049984,True,-70.29831538744705,0.35684111434970217,4.4373446938083,4.6503821670965655
../temp/xrv_tr1/2025_0318_0052/00000015.tif,0.0,115,46112.52196987167,802.0527314652242,596.5452949421439,16.47903423458527,17.295752646012183,0.0,-7.778800694479067,0.998684925555331,1636724859.2612972,True,-70.29794294798363,0.0924619976681004,4.549203355395669,4.769531656512749
../temp/xrv_tr1/2025_0318_0052/00000016.tif,0.0,110,24132.62013410966,802.0689987391673,596.8922952769051,16.72230237097484,17.542323128632756,0.0,19.95019815284047,0.9987823002524063,420912007.8472055,True,-70.29345220318925,0.18815191156414296,4.616359974319468,4.837526715559318
../temp/xrv_tr1/2025_0318_0052/00000017.tif,0.0,105,23922.950054973084,801.9561169624542,596.98065446901,17.147667304984815,17.94600676202493,0.0,33.286553448127115,0.9988026107379506,415838189.42794466,True,-70.32461435444618,0.21251812288281968,4.733786248063388,4.94884779583182
../temp/xrv_tr1/2025_0318_0052/00000018.tif,0.0,100,23873.78500743742,802.0382743577704,596.6993492551815,17.594869617506735,18.40879679410657,0.0,48.43931953113639,0.9988395902882615,410269403.42028964,True,-70.30193397808901,0.1349445040899604,4.857240950062593,5.076468244245255
../temp/xrv_tr1/2025_0318_0052/00000019.tif,0.0,95,22444.266097658696,802.008989520305,597.6325335286332,18.039415173602766,18.899559723938953,0.0,61.876860010410525,0.9988431272144048,368894104.9223446,True,-70.3100183523893,0.39228236181042736,4.97996222769511,5.2118025877447955
../temp/xrv_tr1/2025_0318_0052/00000020.tif,0.0,90,15269.12606820463,802.0331060799422,597.4300709696846,18.511996554626844,19.432370413012592,0.0,52.791780544024284,0.9989132170896671,163479508.40444183,True,-70.30336073323153,0.33645064382002887,5.110423077138594,5.358732154816918
../temp/xrv_tr1/2025_0318_0052/00000021.tif,0.0,85,14460.418277356112,802.1211615363127,597.4147665155992,19.059871117725447,20.005544497718546,0.0,66.97954846944342,0.9989302153086147,146986953.6101466,True,-70.27905213772289,0.33223023897614745,5.261669367746645,5.516792460005665
../temp/xrv_tr1/2025_0318_0052/00000022.tif,0.0,80,10953.699996590027,802.0241995466482,597.4557178234796,19.686285751010914,20.64813623385178,0.0,60.456413866888035,0.9989917304815872,80845481.19033435,True,-70.30581947144209,0.3435231016406791,5.434597435681017,5.693995597124281
../temp/xrv_tr1/2025_0318_0052/00000023.tif,0.0,75,8946.453531222058,802.1811955612968,597.5154242495435,20.361644217906388,21.265158546266097,0.0,60.177215179089906,0.9990484790734826,51577201.260960706,True,-70.26247914054308,0.35998793523520417,5.6210369417806945,5.864147628785841
../temp/xrv_tr1/2025_0318_0052/00000024.tif,0.0,70,7626.002366319282,802.0758961378566,598.4671961176632,21.225397696988335,22.019340778208033,0.0,62.68152013049477,0.9990203815430331,39028984.398532994,True,-70.29154810681963,0.6224515670692359,5.859484788258706,6.072123315282252
../temp/xrv_tr1/2025_0318_0053/00000001.tif,50.0,244,50755.06891555219,801.6169125665909,597.978136569233,11.559841908640124,11.849210791295588,0.0,-89.41085399938416,0.996432711759758,3299019251.4920583,True,-70.41825514394024,0.4875869534326942,3.191210774249151,3.267575984142401
../temp/xrv_tr1/2025_0318_0053/00000002.tif,50.0,240,47534.30219170981,801.5669326466465,597.6627321650818,11.962903767465551,12.234615707734143,0.0,-93.80720172688297,0.9959164965961221,3491951076.2100697,True,-70.43205260417226,0.4006100336656603,3.3024800594814354,3.37385646740042
../temp/xrv_tr1/2025_0318_0053/00000003.tif,50.0,230,45069.58776333773,801.6030179162229,597.285440647059,12.691434228091026,12.951787466629568,0.0,-130.27588990774382,0.9951705115454292,4060063599.406699,True,-70.42209090210278,0.29656692691143594,3.5035982299279556,3.571626028356608
../temp/xrv_tr1/2025_0318_0053/00000004.tif,50.0,220,43955.54744289587,801.7001106610663,597.5639870369857,13.1413833003003,13.181150731394775,0.0,-143.34015725026825,0.9950668590028195,4100763522.168501,True,-70.39528747209964,0.3733797636670159,3.6278112026005687,3.634875970381594
../temp/xrv_tr1/2025_0318_0053/00000005.tif,50.0,210,43869.29008522698,801.8327679081306,597.577717343858,13.421387699841901,13.170723763589061,0.0,-140.22637737332482,0.9951994076655507,4033436735.61052,True,-70.35866610310002,0.3771660766781501,3.70510923692632,3.632000596638188
../temp/xrv_tr1/2025_0318_0053/00000006.tif,50.0,200,46731.06982692722,801.8221413830768,597.3199844316114,13.65533750086957,13.130180336665731,0.0,-146.63710934495288,0.995549855497415,4284866241.7080007,True,-70.36159966235735,0.30609283060180836,3.7696934355315728,3.6208202125212283
../temp/xrv_tr1/2025_0318_0053/00000007.tif,50.0,190,21177.431747297996,801.6033193452503,597.7605546857293,13.747404067707503,13.233639646814602,0.0,-35.31618290184677,0.9959189347741674,815151760.3020324,True,-70.42200768958419,0.42758588250537816,3.795109338479324,3.6493504803283243
../temp/xrv_tr1/2025_0318_0053/00000008.tif,50.0,180,46587.358369510046,801.7235702802757,597.4439392896493,14.149085764137634,13.56629756308109,0.0,-140.91494884394336,0.9958753414556882,4140378345.811938,True,-70.38881120796277,0.3402750157596566,3.905997615983225,3.7410852833690234
../temp/xrv_tr1/2025_0318_0053/00000009.tif,50.0,170,22991.869213817998,801.7826862275006,597.6025388809365,14.269415506119266,13.77417136708944,0.0,-43.54222986684499,0.9962090455814712,941770914.0289437,True,-70.37249165539407,0.38401094254102336,3.9392158530585433,3.7984092234755646
../temp/xrv_tr1/2025_0318_0053/00000010.tif,50.0,160,49149.79703891019,801.7938617069311,597.2922574471008,14.547178512502375,14.352998703935855,0.0,-139.80498734289444,0.9965364899505725,4093441994.8801956,True,-70.36940655175269,0.2984467493314952,4.015895128230559,3.9580284874212985
../temp/xrv_tr1/2025_0318_0053/00000011.tif,50.0,150,24268.81745630535,801.9505306554748,597.0532925822359,14.559693845527056,14.72900918980261,0.0,-43.295762018822074,0.9972234180475505,813607441.6697881,True,-70.3261565107457,0.2325490395819165,4.019350111949828,4.061718332681414
../temp/xrv_tr1/2025_0318_0053/00000012.tif,50.0,140,24618.534621938874,801.9190987509164,596.8043104818306,14.912615205535923,15.225628584835635,0.0,-32.330222115055605,0.9975135633805909,777168840.9707708,True,-70.33483360453943,0.16388894515913618,4.116777607535314,4.198667673616534
../temp/xrv_tr1/2025_0318_0053/00000013.tif,50.0,130,48893.33459733294,801.9499218516671,596.8410358282063,15.354256717986015,15.873134524067728,0.0,-91.84225518829237,0.997893659938414,2709247681.0540953,True,-70.32632457716788,0.17401644326344276,4.238697194673701,4.377225966982248
../temp/xrv_tr1/2025_0318_0053/00000014.tif,50.0,120,25589.210058280674,801.7902534660253,597.0247173212508,15.700627150114999,16.342468570406595,0.0,-11.076390606936044,0.9983604517372655,594626569.836954,True,-70.37040264299215,0.2246690348980455,4.3343162406457045,4.5066510135417905
../temp/xrv_tr1/2025_0318_0053/00000015.tif,50.0,115,25584.970774298577,801.7878218305797,595.9692358204834,16.013107597677983,16.711931302243805,0.0,-2.8371143377893873,0.9984607256478356,570997270.6831746,True,-70.37107392044511,-0.0663938944700233,4.420579615083366,4.608535229364312
../temp/xrv_tr1/2025_0318_0053/00000016.tif,50.0,110,25417.93024907662,801.7491600183231,596.4296164550844,16.380686572908683,17.0633017605902,0.0,8.903557752500546,0.9984912199527731,565065368.5774294,True,-70.38174690306894,0.06056213084532608,4.522053492962866,4.705430262413534
../temp/xrv_tr1/2025_0318_0053/00000017.tif,50.0,105,25469.538389195324,801.6685055792796,596.5317293555869,16.697703222644847,17.37369126545521,0.0,25.071770584045815,0.9986060657806638,533902274.1875811,True,-70.40401237321127,0.08872110845403129,4.609569131693035,4.7910242576331825
../temp/xrv_tr1/2025_0318_0053/00000018.tif,50.0,100,25454.49504057984,801.756206140878,596.2586032965521,17.128933824368154,17.820837305880612,0.0,30.492624474165112,0.9986161753121512,542195385.7670659,True,-70.37980174997848,0.013402999352528339,4.728614682080432,4.914330669244302
../temp/xrv_tr1/2025_0318_0053/00000019.tif,50.0,95,16776.754582817925,801.7020799930548,597.0686667071467,17.525397925058357,18.252309092968733,0.0,35.101403612464,0.9987190549713568,222503013.24998873,True,-70.39474381817173,0.23678865707378144,4.8380625897356335,5.033314698995873
../temp/xrv_tr1/2025_0318_0053/00000020.tif,50.0,90,16840.10668039086,801.7052376446667,596.8764599169392,17.965027269107217,18.758567169667817,0.0,43.81374820373843,0.9987202647996014,228735218.60868657,True,-70.39387211664459,0.18378510242924603,4.959426697522973,5.172922033386046
../temp/xrv_tr1/2025_0318_0053/00000021.tif,50.0,85,12491.838023327042,801.8278149078453,596.826299497978,18.44174590099213,19.276670340805005,0.0,44.14244561431382,0.9988305184320876,117271578.88357928,True,-70.36003342870879,0.16995270605794727,5.091029676731486,5.315795808621737
../temp/xrv_tr1/2025_0318_0053/00000022.tif,50.0,80,11987.942600350565,801.7083057636269,596.8400032409287,19.026579897119923,19.873215092384402,0.0,53.737630779432806,0.9988592597353756,107453626.4086807,True,-70.39302513150761,0.173731693717745,5.252478991033548,5.480300883099689
../temp/xrv_tr1/2025_0318_0053/00000023.tif,50.0,75,10343.929684803654,801.9210524856676,596.9821742636357,19.666691562758526,20.426188809910485,0.0,57.765811991055365,0.9989041102139409,78127180.64692292,True,-70.33429425638595,0.21293722627351125,5.4291882626873145,5.632790670907119
../temp/xrv_tr1/2025_0318_0053/00000024.tif,50.0,70,8065.30354768546,801.7626500959557,597.8835947877386,20.45612656532099,21.094726061829128,0.0,55.50762841823801,0.9989954967798544,44214613.86772013,True,-70.37802283128434,0.4615158116368143,5.647119745285168,5.817148625824981
../temp/xrv_tr1/2025_0318_0054/00000001.tif,100.0,244,52296.15427544568,801.4655732479953,597.7586167174956,11.4735052768471,11.55947245175625,0.0,-91.4485538252865,0.9962544869912817,3584233279.134367,True,-70.4600338869271,0.4270514622329978,3.1673766775748398,3.1876768198318532
../temp/xrv_tr1/2025_0318_0054/00000002.tif,100.0,240,49178.83767789009,801.4013148435247,597.4499426793141,11.908705275029039,11.956496143958734,0.0,-102.137227624878,0.9958720679727587,3697894776.6971264,True,-70.47777306660649,0.3419305295518921,3.28751801982913,3.2971613335793326
../temp/xrv_tr1/2025_0318_0054/00000003.tif,100.0,230,46142.288866813506,801.4411742214887,596.9807073486292,12.642027027491926,12.676083647382159,0.0,-135.77537360532995,0.9948864738953578,4422002851.057737,True,-70.46676948390882,0.21253270513446668,3.489958874638893,3.4955970679155497
../temp/xrv_tr1/2025_0318_0054/00000004.tif,100.0,220,45076.133586533346,801.4970925751213,597.3174808157886,13.125040526415649,12.88747796604629,0.0,-152.51555830275672,0.9946033550503566,4638265598.412969,True,-70.45133265925318,0.30540242555457703,3.6232996152870056,3.5538918363197447
../temp/xrv_tr1/2025_0318_0054/00000005.tif,100.0,210,46423.13561650898,801.7034869266189,597.2884168641638,13.388785428877295,12.911303350461605,0.0,-163.32609875790806,0.9946018690206517,5000183192.968777,True,-70.39435541999259,0.29738765798850836,3.6961090516997834,3.5604619999618357
../temp/xrv_tr1/2025_0318_0054/00000006.tif,100.0,200,47896.09246226292,801.5486706033797,596.9624188445165,13.605159577097279,12.882565828498832,0.0,-158.70965113581158,0.9949108290103652,5067049661.936419,True,-70.43709402512708,0.20748940918193626,3.7558413143488516,3.552537249675656
../temp/xrv_tr1/2025_0318_0054/00000007.tif,100.0,190,48679.38235014576,801.4259343257372,597.3644906394718,13.807087533969199,13.042579792089391,0.0,-158.8888532654996,0.9952181504176116,5013535399.143677,True,-70.47097661060701,0.31836600377016794,3.8115855603934405,3.596663208253424
../temp/xrv_tr1/2025_0318_0054/00000008.tif,100.0,180,50241.44060235968,801.5978296401431,597.0482286485709,14.079451874173234,13.237545215496914,0.0,-159.91504348807916,0.9952791160598001,5402404404.797342,True,-70.42352317796404,0.2311525931585533,3.8867744793985297,3.650427492346721
../temp/xrv_tr1/2025_0318_0054/00000009.tif,100.0,170,23913.885803568035,801.7198078489896,597.1935140395719,14.157723729707453,13.409360985306655,0.0,-52.87231195230355,0.9956106474239329,1152407671.0364156,True,-70.38984986500951,0.27121695380191957,3.908382213368886,3.697807954473335
../temp/xrv_tr1/2025_0318_0054/00000010.tif,100.0,160,51146.16278110734,801.598023236656,596.8561728652625,14.40817388175988,13.973216806613454,0.0,-161.11662372579843,0.9959917103655218,5009705764.104345,True,-70.42346973369702,0.17819068065588306,3.977521500044137,3.8532986257655057
../temp/xrv_tr1/2025_0318_0054/00000011.tif,100.0,150,51518.15443886662,801.8348747805475,596.8736488175222,14.544219223621058,14.490278840650534,0.0,-159.7466308984198,0.9964255455769441,4670503542.898636,True,-70.35808447975171,0.18300990472992587,4.015078186732845,3.995885293729293
../temp/xrv_tr1/2025_0318_0054/00000012.tif,100.0,140,52708.15806126521,801.8031541306752,596.3424554015165,14.801255511727323,14.900461510709757,0.0,-146.4461102422733,0.9969680238591373,4267773951.6889677,True,-70.36684128459717,0.03652632201320766,4.086035642592569,4.108998568984848
../temp/xrv_tr1/2025_0318_0054/00000013.tif,100.0,130,26716.77877524848,801.8065349071921,596.418128214432,14.985779321961138,15.296206485194606,0.0,-41.92135379474436,0.9976107935663681,884609843.3760214,True,-70.365907987193,0.057394097132616846,4.136975298686268,4.218130459475114
../temp/xrv_tr1/2025_0318_0054/00000014.tif,100.0,120,26779.35539222758,801.6607251936595,596.7319722916465,15.44734254255128,15.909014188793805,0.0,-24.702408520021294,0.9980029417626469,774224465.8772571,True,-70.4061602270154,0.14394073619017198,4.2643944739816915,4.387120257230181
../temp/xrv_tr1/2025_0318_0054/00000015.tif,100.0,115,26910.377812666015,801.6181973984333,595.707182911354,15.728178775899998,16.221757263576457,0.0,-18.802629491424682,0.998152188712588,738942913.1358037,True,-70.41790045317104,-0.13865843660094243,4.341922144407023,4.473363280361927
../temp/xrv_tr1/2025_0318_0054/00000016.tif,100.0,110,26846.118922219,801.8283704957255,596.0541613710449,16.04659584311668,16.604049423711338,0.0,-9.187916225016068,0.9982531721259108,711899839.7980554,True,-70.35988005307932,-0.042974555043754324,4.429824382485833,4.578785380059934
../temp/xrv_tr1/2025_0318_0054/00000017.tif,100.0,105,26824.47391479243,801.753592060928,596.1175527914816,16.35025138607025,16.905081617452073,0.0,2.1272833928407593,0.9983526913317586,683265234.581124,True,-70.38052339307423,-0.025493535702638744,4.513651553133351,4.661798973458366
../temp/xrv_tr1/2025_0318_0054/00000018.tif,100.0,100,26754.698654112926,801.8134312956478,595.8304681897446,16.720069323711964,17.275145305628243,0.0,16.7775955045542,0.9984617385971314,648827850.059439,True,-70.36400416970856,-0.1046608968522895,4.615743519134266,4.763848910908706
../temp/xrv_tr1/2025_0318_0054/00000019.tif,100.0,95,17896.503061590935,801.8161400623617,596.5709662437584,17.05190209454993,17.655106334356237,0.0,24.094219957337657,0.9984432995432987,299641996.2125731,True,-70.36325638737809,0.09954119729708298,4.7073492973028745,4.868628170409574
../temp/xrv_tr1/2025_0318_0054/00000020.tif,100.0,90,17979.922443342657,801.8102824448025,596.3832257340152,17.503148095774925,18.1574054967703,0.0,31.54899629526971,0.9985402994332299,290473522.8137363,True,-70.36487344169544,0.047769278331964975,4.831920300291223,5.007143782028596
../temp/xrv_tr1/2025_0318_0054/00000021.tif,100.0,85,13416.465966635447,801.884188941628,596.3218666437189,17.91664007446591,18.620525150756638,0.0,35.72347265303789,0.9986686074909066,150457188.02341634,True,-70.3444708089587,0.030848700802147286,4.946068925150704,5.134855128024884
../temp/xrv_tr1/2025_0318_0054/00000022.tif,100.0,80,10713.986545376916,801.7373168232949,596.3249765840694,18.409948482891977,19.133065735704527,0.0,44.03153170525308,0.9987414071781594,92546628.60194504,True,-70.3850163363254,0.03170630782598839,5.08225167924359,5.276194946834108
../temp/xrv_tr1/2025_0318_0054/00000023.tif,100.0,75,10247.282580803658,801.9826482680235,596.4153877093185,18.968985452765697,19.65684011091822,0.0,48.23201581354941,0.9988678934907731,77584000.86973462,True,-70.31729012035572,0.05663836674252421,5.236579464654842,5.42063263130966
../temp/xrv_tr1/2025_0318_0054/00000024.tif,100.0,70,9491.640861251448,801.8327756263857,597.3568220905623,19.729544177262,20.286906329629844,0.0,51.19027349371158,0.998874371501576,67502298.3892997,True,-70.35866397239796,0.3162513003784286,5.446539359889024,5.594381691980764
../temp/xrv_tr1/2025_0318_0055/00000001.tif,150.0,244,54255.274930154264,801.5631389620421,596.7750346296922,11.402215387445956,11.224563087267057,0.0,-89.27342688312052,0.9957446092317261,4260624516.0017195,True,-70.43309988901224,0.15581574323474334,3.1476963856686053,3.095321150281846
../temp/xrv_tr1/2025_0318_0055/00000002.tif,150.0,240,50356.246156591566,801.4811220189083,596.456121190012,11.850325491175992,11.664880633950666,0.0,-95.84110828493391,0.9953285835653075,4288291294.1883554,True,-70.45574149213002,0.0678711606905084,3.2714016925728777,3.21674451478109
../temp/xrv_tr1/2025_0318_0055/00000003.tif,150.0,230,47285.402979036735,801.4760276772281,596.1445781224587,12.610172342582771,12.423428285519448,0.0,-140.65569972369562,0.9944891690153898,4921377700.6688595,True,-70.45714783645427,-0.01804094463815061,3.4811650680716575,3.4259240232521986
../temp/xrv_tr1/2025_0318_0055/00000004.tif,150.0,220,46181.740561591534,801.4915923307215,596.3058643476082,13.10429799622518,12.62083960795476,0.0,-156.32897223144155,0.9941022362776355,5235347821.238552,True,-70.45285105711092,0.026435856826020693,3.6175734309367216,3.4803627962261148
../temp/xrv_tr1/2025_0318_0055/00000005.tif,150.0,210,21064.022019556935,801.6246678772728,596.2503185260288,13.259022609873353,12.494194513176785,0.0,-42.66055293884489,0.9940802662370147,1094583273.0859368,True,-70.41611421232531,0.011118364732296644,3.6602867187150383,3.4454387428444377
../temp/xrv_tr1/2025_0318_0055/00000006.tif,150.0,200,49273.7605027026,801.6196678633032,595.9653144553909,13.571289369006609,12.579231734004276,0.0,-166.42850236823907,0.9943780915033177,5814464172.653755,True,-70.41749451653513,-0.06747526255665089,3.7464911023096867,3.468888876817769
../temp/xrv_tr1/2025_0318_0055/00000007.tif,150.0,190,50044.04043041139,801.4575024470832,596.4278983390215,13.755903272408933,12.771150271727572,0.0,-168.02017557669708,0.9944692750423242,6024588638.9856415,True,-70.46226191279726,0.06008833770548964,3.797455629529851,3.521812942042184
../temp/xrv_tr1/2025_0318_0055/00000008.tif,150.0,180,23982.545535517536,801.5305623231768,595.988991615999,13.894968385188989,12.804734399254642,0.0,-52.61611902449073,0.9945559459406798,1374364363.1847672,True,-70.44209299823963,-0.060945973582174226,3.8358459543918366,3.5310742076647386
../temp/xrv_tr1/2025_0318_0055/00000009.tif,150.0,170,51877.19802740961,801.6334085043812,596.3484355149008,14.227465678879577,13.223818303153347,0.0,-180.67322204482707,0.9946213595816822,6610451382.910108,True,-70.41370127418806,0.038175417064423955,3.9276351807861025,3.6466421154215998
../temp/xrv_tr1/2025_0318_0055/00000010.tif,150.0,160,52913.14924251607,801.5351269455792,595.923124350438,14.317424075259549,13.652277854862476,0.0,-183.2695269552538,0.9951220281061578,6400993958.273903,True,-70.44083288825664,-0.07910973983455163,3.952469102048241,3.76479548158246
../temp/xrv_tr1/2025_0318_0055/00000011.tif,150.0,150,53536.20432616939,801.6722513949376,595.8644583090958,14.402462689069392,14.126232357235748,0.0,-180.85295910365136,0.9957379898624986,5879055431.713655,True,-70.402978303076,-0.0952876736354603,3.9759448677863825,3.895494679766083
../temp/xrv_tr1/2025_0318_0055/00000012.tif,150.0,140,27030.090305986927,801.7427934510217,595.5496288295628,14.51075649106067,14.382835201322273,0.0,-63.337656751076764,0.99643029105822,1275792988.4166636,True,-70.3835044580881,-0.18210605036461455,4.005840462417368,3.966256294659094
../temp/xrv_tr1/2025_0318_0055/00000013.tif,150.0,130,27604.074643816813,801.7899513185345,595.6181106093084,14.848538384891537,14.942050975834997,0.0,-50.926480079550274,0.996902094794164,1200627534.3004584,True,-70.37048605384982,-0.16322129738071214,4.0990885558998285,4.1204674119171045
../temp/xrv_tr1/2025_0318_0055/00000014.tif,150.0,120,28147.06529209331,801.5804014203807,595.7120793383945,15.182871050336791,15.450314751238395,0.0,-38.11801874039459,0.9974865306828838,1047737342.3669071,True,-70.42833441354334,-0.13730818233614875,4.191384455150395,4.260627844149242
../temp/xrv_tr1/2025_0318_0055/00000015.tif,150.0,115,28656.034428026895,801.6190709637424,594.7419009125135,15.361121101128346,15.669722600856451,0.0,-31.406259016964626,0.9977836107726761,972202165.7478812,True,-70.41765929667007,-0.4048476649715984,4.240592176769089,4.321132449288931
../temp/xrv_tr1/2025_0318_0055/00000016.tif,150.0,110,47639.5855202401,801.5772660437307,595.2399357518227,15.780791703833476,16.17502875962157,0.0,-64.96139813019659,0.9977913066757644,2769796748.0206504,True,-70.42919996584291,-0.26750799662943575,4.356446473010567,4.460477279767688
../temp/xrv_tr1/2025_0318_0055/00000017.tif,150.0,105,28513.742113490523,801.5184644634076,595.3564267075594,15.995914833729973,16.380302169475446,0.0,-13.00207431316197,0.9979861792750219,917720979.3138356,True,-70.44543273426251,-0.23538408086496285,4.415833379452842,4.517084126927018
../temp/xrv_tr1/2025_0318_0055/00000018.tif,150.0,100,26332.329690309434,801.547988244445,595.0826175946804,16.34395176295868,16.744476008633505,0.0,-1.5088108035399515,0.9980472472608722,776724122.0506685,True,-70.43728239718281,-0.31089055106296287,4.511912478731968,4.617509860914294
../temp/xrv_tr1/2025_0318_0055/00000019.tif,150.0,95,19018.92681939428,801.568701607982,595.7666897269079,16.659810406996616,17.110482615056757,0.0,14.290350742339506,0.9981361895596618,394810930.507393,True,-70.43156426458096,-0.12224864823433026,4.599108438327247,4.718441004620896
../temp/xrv_tr1/2025_0318_0055/00000020.tif,150.0,90,19240.160766615027,801.5988592480932,595.6025247221637,17.014479062825668,17.534268516462415,0.0,23.61044287250106,0.998206725392816,397367040.5912595,True,-70.42323894432059,-0.16751931109845547,4.697018292520337,4.835305550137169
../temp/xrv_tr1/2025_0318_0055/00000021.tif,150.0,85,14389.465161719172,801.6626102453278,595.6172420406025,17.40468869379087,17.96915810030671,0.0,30.630285522802755,0.9983882710379636,204031741.89972264,True,-70.40563983951863,-0.16346081664438827,4.804739590821243,4.95523208237231
../temp/xrv_tr1/2025_0318_0055/00000022.tif,150.0,80,13403.226242340437,801.5734867259218,595.6037924497381,17.885124311467607,18.465609597914618,0.0,34.141156653192596,0.9985140143008364,166948842.5016893,True,-70.43024328458431,-0.16716971851803666,4.93736868139013,5.0921351233804755
../temp/xrv_tr1/2025_0318_0055/00000023.tif,150.0,75,11607.659448625363,801.8013207957837,595.6793885071412,18.365026289307405,18.902908434279215,0.0,39.21735891878634,0.9986543968266045,115538503.67070478,True,-70.36734739515691,-0.14632310974239268,5.069850455307919,5.212726038738994
../temp/xrv_tr1/2025_0318_0055/00000024.tif,150.0,70,9206.137337051247,801.6213208822782,596.649298295861,18.984818431188653,19.410420785742307,0.0,44.91973430445332,0.9987047256599539,71385943.97110398,True,-70.41703818400008,0.1211422926566771,5.240950317797221,5.352679255919893
../temp/xrv_tr1/2025_0318_0056/00000001.tif,200.0,244,55258.222999852136,801.4098406823434,597.071172171216,11.397627400627657,11.053604137167916,0.0,-97.63558959007199,0.995843343624138,4261597923.9294195,True,-70.47541942293967,0.23747957179933055,3.1464298257033065,3.0481769674786743
../temp/xrv_tr1/2025_0318_0056/00000002.tif,200.0,240,51400.905227836,801.2929302289839,596.6744409364769,11.850652064394227,11.462310305370936,0.0,-107.78650776110808,0.9954283848308366,4311637382.808528,True,-70.50769373095632,0.12807570705040294,3.271491846398583,3.160883077895082
../temp/xrv_tr1/2025_0318_0056/00000003.tif,200.0,230,48221.36149930388,801.3087796967528,596.3611038801849,12.60850094663021,12.211352993619478,0.0,-146.94171688883318,0.9945418018042197,5002245420.976624,True,-70.50331832576393,0.0416688856920016,3.4807036623868735,3.3674414675066813
../temp/xrv_tr1/2025_0318_0056/00000004.tif,200.0,220,47228.198575789356,801.4033691558853,596.5140208874689,13.102586379526112,12.39631315022571,0.0,-165.38431513141416,0.9939311643806175,5559426582.481248,True,-70.47720595299103,0.08383776506875418,3.617100921909815,3.4184466674642775
../temp/xrv_tr1/2025_0318_0056/00000005.tif,200.0,210,48722.67613400451,801.6071620132524,596.5546136325577,13.365286630971873,12.394693580414822,0.0,-177.43392488748694,0.9935762612162149,6358179427.095159,True,-70.42094688238397,0.0950317493195927,3.6896219718893204,3.418000049751764
../temp/xrv_tr1/2025_0318_0056/00000006.tif,200.0,200,50408.411793509134,801.5237252601064,596.1051414027789,13.558249037977227,12.345974034995658,0.0,-181.2263323529593,0.9938621700697075,6551438636.454592,True,-70.44398043835403,-0.028916139652289057,3.7428911876041373,3.4045649932426048
../temp/xrv_tr1/2025_0318_0056/00000007.tif,200.0,190,51357.03175034199,801.4460842025803,596.7054789237562,13.739700530373993,12.49266277274785,0.0,-185.4039972152338,0.9936453625021452,7173655746.858013,True,-70.46541403418169,0.13663484095529752,3.7929826994186158,3.4450163452411138
../temp/xrv_tr1/2025_0318_0056/00000008.tif,200.0,180,24737.890477522997,801.4746443202864,596.2315030451304,13.862378697312558,12.529371108210356,0.0,-60.14171105765111,0.9938620062160239,1621301728.6016617,True,-70.45752972606935,0.005929747988394899,3.826849242853511,3.4551391523620096
../temp/xrv_tr1/2025_0318_0056/00000009.tif,200.0,170,53462.07541045723,801.6065716705998,596.4693247335978,14.177296064835323,12.932777335391979,0.0,-199.82962532813636,0.9937447771140823,8024676841.068859,True,-70.42110985241835,0.07151221178549394,3.91378535358749,3.5663837342172404
../temp/xrv_tr1/2025_0318_0056/00000010.tif,200.0,160,54600.349444182786,801.5686821214047,596.0995996619445,14.242805319967147,13.338400983790718,0.0,-206.25999969856082,0.9943451576795655,7753200996.167523,True,-70.43156964404687,-0.030444347697534565,3.9318698431888106,3.6782397991866964
../temp/xrv_tr1/2025_0318_0056/00000011.tif,200.0,150,27225.13820902284,801.782006325325,596.0328308352919,14.1572175253939,13.637129798145082,0.0,-72.23915383366005,0.9951678162263543,1664348513.4781237,True,-70.3726793492367,-0.04885673129861711,3.9082424705703125,3.760618205373268
../temp/xrv_tr1/2025_0318_0056/00000012.tif,200.0,140,28223.75894022469,801.7547957190407,595.6486280004832,14.369910790796283,14.008300113251735,0.0,-73.93005323011062,0.9957142707091161,1631386150.839385,True,-70.38019111113057,-0.15480572471026574,3.9669585884486205,3.8629733097790404
../temp/xrv_tr1/2025_0318_0056/00000013.tif,200.0,130,29196.12849444155,801.7810561367558,595.7822904216538,14.591253112560308,14.46764139167321,0.0,-66.10807891644981,0.996529454825434,1457841087.7080188,True,-70.37294165836029,-0.11794655112545922,4.028062365437364,3.9896427189347845
../temp/xrv_tr1/2025_0318_0056/00000014.tif,200.0,120,55844.81428851661,801.6113380553048,595.8940360523245,15.058021224243753,15.125673316996538,0.0,-151.3221374319233,0.9969200592156611,4966134975.675226,True,-70.41979404391984,-0.08713122126562264,4.156918403335842,4.171103691640663
../temp/xrv_tr1/2025_0318_0056/00000015.tif,200.0,115,30253.23577041418,801.6339347883919,594.8071825361511,15.101816763330502,15.19756488068938,0.0,-44.42509133637421,0.9974420295141966,1215546558.5414267,True,-70.41355598818687,-0.3868453971951904,4.169008602951221,4.1909287374705295
../temp/xrv_tr1/2025_0318_0056/00000016.tif,200.0,110,30145.52412598242,801.804615473419,595.3242781626301,15.391487548106781,15.576209056979746,0.0,-39.32922319596558,0.9974955846898428,1213163736.7257347,True,-70.36643786621607,-0.24424946567298417,4.248975140267994,4.295344857562735
../temp/xrv_tr1/2025_0318_0056/00000017.tif,200.0,105,27542.150680340437,801.6888349106762,595.3769692859296,15.71696863164466,15.893562629710376,0.0,-26.368250620870796,0.9975345869073884,1021053903.7758875,True,-70.39840025654921,-0.22971919423943035,4.3388274711916575,4.382859286245036
../temp/xrv_tr1/2025_0318_0056/00000018.tif,200.0,100,28497.603951512836,801.7997559442994,595.0910453493009,16.003888282495645,16.193104069859963,0.0,-17.57335151742835,0.9976890135447707,1045898411.6332285,True,-70.36777938816826,-0.30856648669419295,4.418034530282587,4.465461784700649
../temp/xrv_tr1/2025_0318_0056/00000019.tif,200.0,95,20239.40180302909,801.8086277432974,595.9000350788324,16.28212365481275,16.51338819136456,0.0,3.694393161336585,0.9977786697943372,517265412.2429689,True,-70.36533023870987,-0.08547691067138621,4.494844206827725,4.553784350816137
../temp/xrv_tr1/2025_0318_0056/00000020.tif,200.0,90,20549.764288223967,801.8075051304318,595.6923564132105,16.61201278086642,16.93767924259723,0.0,9.776337862139975,0.9979109818434715,513368078.09892833,True,-70.3656401472969,-0.1427470387969881,4.58591342227982,4.670788198052348
../temp/xrv_tr1/2025_0318_0056/00000021.tif,200.0,85,20420.329923171492,801.9044014026302,595.6990886630177,16.979296530037352,17.36067403796526,0.0,18.0588237077921,0.9981398087681442,461701603.82964075,True,-70.33889095554599,-0.1408905322180469,4.687305800032396,4.78743458565625
../temp/xrv_tr1/2025_0318_0056/00000022.tif,200.0,80,15633.489040683182,801.7954358901975,595.6917568744724,17.367648450847476,17.76961982338599,0.0,26.99370144377665,0.9982528093581277,259573782.62683526,True,-70.36897198260893,-0.14291236950270164,4.794514258736605,4.900206773677299
../temp/xrv_tr1/2025_0318_0056/00000023.tif,200.0,75,13809.259544285396,802.0103090153829,595.7416365955925,17.779592561305748,18.1629934792764,0.0,35.91657495018404,0.9983867663768679,190655220.03220367,True,-70.30965409248488,-0.12915737925918122,4.9082355789823735,5.008684741824007
../temp/xrv_tr1/2025_0318_0056/00000024.tif,200.0,70,10469.93412027274,801.8530269290447,596.7454259513511,18.369365269528387,18.599521977061446,0.0,36.77193496085666,0.9985314368843027,101992872.8969849,True,-70.35307339635472,0.14765076010011421,5.071048274494365,5.129063226170324
../temp/xrv_tr1/2025_0318_0057/00000001.tif,250.0,244,23832.13304486135,801.3217260557346,596.4587419954773,11.26461639152488,10.685323131226085,0.0,-9.081434834852942,0.9958414727636244,763887509.09412,True,-70.49974435298846,0.06859388232559445,3.109710797130323,2.946618628140552
../temp/xrv_tr1/2025_0318_0057/00000002.tif,250.0,240,52523.6460992396,801.2354356783873,596.0761985336604,11.853919229287394,11.242046083464706,0.0,-107.41613761676095,0.9952977664544752,4560836989.779379,True,-70.52356568065724,-0.03689751712202664,3.2723937801698857,3.1001423168145785
../temp/xrv_tr1/2025_0318_0057/00000003.tif,250.0,230,48929.891931913655,801.1988826023854,595.7214826183633,12.636515453996534,12.01690039374489,0.0,-150.9295501255025,0.9941395076097954,5473689528.475075,True,-70.53365652540157,-0.1347151040004168,3.4884373492702445,3.3138186012588284
../temp/xrv_tr1/2025_0318_0057/00000004.tif,250.0,220,47891.92718328755,801.2809715811836,595.8572529628262,13.133283800247733,12.184879924843841,0.0,-171.89005831800486,0.9935360325856982,6023661291.747903,True,-70.5109950361132,-0.0972746427967347,3.6255752540436545,3.360141170020087
../temp/xrv_tr1/2025_0318_0057/00000005.tif,250.0,210,49727.274784542584,801.5427554012402,595.7489899064232,13.38359194383929,12.164624590710718,0.0,-189.6235056699344,0.9930561597183363,7070764705.015785,True,-70.43872697624774,-0.1271296069207937,3.694675337853161,3.354555494777243
../temp/xrv_tr1/2025_0318_0057/00000006.tif,250.0,200,51432.82203664314,801.5117748863147,595.4873512206643,13.568040652820692,12.09917783480667,0.0,-190.86984554008203,0.9932126202714734,7438630649.220645,True,-70.44727945938752,-0.1992799215000727,3.7455942614898112,3.3365076896028096
../temp/xrv_tr1/2025_0318_0057/00000007.tif,250.0,190,51392.291537128236,801.3490976828472,596.0565853749347,13.742480681349239,12.150483923898673,0.0,-182.06547815463114,0.9931241913323684,7620303772.429539,True,-70.49218813967339,-0.04230610403589115,3.7937501880933193,3.3506560196063955
../temp/xrv_tr1/2025_0318_0057/00000008.tif,250.0,180,48856.15999115173,801.4693576338232,595.495636304653,13.951752078849927,12.309244847515624,0.0,-173.13671507323807,0.993061715396814,7095343700.501858,True,-70.45898916910802,-0.1969952004376528,3.851521664876857,3.3944364359031582
../temp/xrv_tr1/2025_0318_0057/00000009.tif,250.0,170,55122.69169608651,801.5843426123708,595.7844328152186,14.140581857647287,12.587629436628454,0.0,-208.88085136084237,0.992889250809212,9502521090.779907,True,-70.427246407804,-0.11735575787482311,3.9036500269565173,3.471204653952639
../temp/xrv_tr1/2025_0318_0057/00000010.tif,250.0,160,56418.90202771873,801.4869694782714,595.4447941702683,14.199969646163305,12.971851884014388,0.0,-218.42642251448945,0.9933989017457967,9465239669.795006,True,-70.454127242085,-0.21101558881827553,3.920044624051266,3.5771590557908577
../temp/xrv_tr1/2025_0318_0057/00000011.tif,250.0,150,57364.53630822468,801.7245136136585,595.2943411124675,14.227878389163596,13.432657110044339,0.0,-232.5641239382145,0.9938735445935987,9314947509.704529,True,-70.38855079128246,-0.2525050016635613,3.9277491136162754,3.704232167786542
../temp/xrv_tr1/2025_0318_0057/00000012.tif,250.0,140,29196.495633537408,801.7089487858258,594.8980099226127,14.284725082965888,13.639226812252037,0.0,-83.03942190903751,0.9948506361580216,2053271494.8991528,True,-70.39284761875395,-0.36179854876522893,3.9434422159247706,3.761196484640553
../temp/xrv_tr1/2025_0318_0057/00000013.tif,250.0,130,56584.87244427462,801.5943241884597,597.387508103257,14.567202837738689,14.281039790691148,0.0,-196.81700967684526,0.9956184398070954,6853533696.690591,True,-70.4244908932035,0.3247133726544877,4.021423044870442,3.9381848690652035
../temp/xrv_tr1/2025_0318_0057/00000014.tif,250.0,120,61910.36046848921,801.6976799632478,595.4773373725047,14.885110724684331,14.755736240782594,0.0,-191.42036088013782,0.9962899849475898,7190919193.505594,True,-70.39595849071121,-0.20204137205837946,4.1091847186076444,4.069088669106967
../temp/xrv_tr1/2025_0318_0057/00000015.tif,250.0,115,31309.11992253036,801.7082152697957,594.5180307350246,14.962607759576798,14.851185037004205,0.0,-64.60651775612554,0.9966839006495641,1655326056.812356,True,-70.39305011324105,-0.46658281581100713,4.130578555536881,4.0954099321634185
../temp/xrv_tr1/2025_0318_0057/00000016.tif,250.0,110,31885.983483136788,801.7418266782286,594.8880630514554,15.152373754744689,15.037840358932595,0.0,-55.24172554223257,0.99700012720417,1577211167.4264526,True,-70.38377134545371,-0.364541529532744,4.182965369573954,4.146882596291701
../temp/xrv_tr1/2025_0318_0057/00000017.tif,250.0,105,31933.8310790452,801.6190145229994,594.9480660876767,15.42619851231785,15.3377876419841,0.0,-51.57432736893777,0.9970481828029074,1592704689.8182418,True,-70.41767487770558,-0.34799490177959436,4.258557451501173,4.229597011274329
../temp/xrv_tr1/2025_0318_0057/00000018.tif,250.0,100,29534.7453320974,801.6618189792081,594.7550705574583,15.732886794172346,15.677972754139214,0.0,-35.165759281085585,0.9971958921157642,1326193858.2415433,True,-70.40585827649956,-0.40121596187345154,4.343221840264009,4.323407537749004
../temp/xrv_tr1/2025_0318_0057/00000019.tif,250.0,95,32451.651296014516,801.6831297736474,595.4854305417018,16.02007736875811,16.03854986477876,0.0,-33.88263562434797,0.9972706908412446,1594845086.0649948,True,-70.39997521708058,-0.19980957402813324,4.422503690580308,4.422841426461892
../temp/xrv_tr1/2025_0318_0057/00000020.tif,250.0,90,20151.516119987078,801.6796521010093,595.3196596150239,16.248726070699128,16.382191941533097,0.0,0.5032301285269654,0.9974010033639639,596984613.7384081,True,-70.4009352636348,-0.24552309102285647,4.485624467397065,4.51760525646888
../temp/xrv_tr1/2025_0318_0057/00000021.tif,250.0,85,21647.45474226447,801.7952648150565,595.2730314774097,16.60631309646667,16.773638906585557,0.0,-0.22332402132264662,0.9976295132299827,643309235.970607,True,-70.36901920962444,-0.25838141427633987,4.584339967001621,4.62555191423367
../temp/xrv_tr1/2025_0318_0057/00000022.tif,250.0,80,15878.094491213122,801.6819961158467,595.3686715584404,16.916351052175678,17.128630862773566,0.0,14.987533604755974,0.9978304418090896,322990811.3899536,True,-70.40028817473315,-0.2320074019137009,4.669929066965459,4.723445623024451
../temp/xrv_tr1/2025_0318_0057/00000023.tif,250.0,75,13556.290260772445,801.9314722161737,595.3530951623784,17.268598097133808,17.44728008153016,0.0,23.172892695607857,0.998116120330704,208190378.2614286,True,-70.33141778484605,-0.23630279834035833,4.767170411090384,4.811317343168011
../temp/xrv_tr1/2025_0318_0057/00000024.tif,250.0,70,10941.175354888179,801.7685173310016,596.2461142020829,17.78742094754997,17.807543021151325,0.0,30.079830796241346,0.9981933337560284,132969703.14309077,True,-70.37640312196291,0.009958967014008571,4.910396683842196,4.9106645950835075
